image_id,split,pred_ours,pred_teammate
GOPR0572_frame_000145_rain,test,0.9409,0.9426
GOPR0572_frame_000165_rain,test,0.9659,0.9714
GOPR0572_frame_000185_rain,test,1.0,1.0
GOPR0572_frame_000193_rain,test,0.9886,0.9816
GOPR0572_frame_000200_rain,test,0.9894,1.0
GOPR0572_frame_000207_rain,test,0.9741,0.9746
GOPR0572_frame_000215_rain,test,0.9587,0.9701
GOPR0572_frame_000235_rain,test,0.9708,0.9765
GOPR0572_frame_000255_rain,test,0.9788,0.9537
GOPR0572_frame_000271_rain,test,0.9782,0.989
GOPR0572_frame_000278_rain,test,0.9871,0.9491
GOPR0572_frame_000284_rain,test,0.9503,0.9565
GOPR0572_frame_000290_rain,test,0.987,0.9858
GOPR0572_frame_000297_rain,test,0.9883,0.9924
GOPR0572_frame_000305_rain,test,0.9931,0.9939
GOPR0572_frame_000325_rain,test,0.9778,0.9802
GOPR0572_frame_000345_rain,test,0.9879,1.0
GOPR0572_frame_000352_rain,test,0.9749,0.9771
GOPR0572_frame_000372_rain,test,0.9885,0.9907
GOPR0572_frame_000382_rain,test,1.0,0.9865
GOPR0572_frame_000388_rain,test,0.9932,0.9746
GOPR0572_frame_000395_rain,test,0.9798,0.9547
GOPR0572_frame_000414_rain,test,1.0,1.0
GOPR0572_frame_000426_rain,test,0.9659,0.9688
GOPR0572_frame_000435_rain,test,0.9824,0.968
GOPR0572_frame_000455_rain,test,0.8776,0.8552
GOPR0572_frame_000501_rain,test,0.9729,0.9636
GOPR0572_frame_000515_rain,test,0.972,0.971
GOPR0572_frame_000521_rain,test,0.9671,0.9775
GOPR0572_frame_000527_rain,test,0.9922,0.9849
GOPR0572_frame_000532_rain,test,0.9662,0.9795
GOPR0572_frame_000537_rain,test,0.9894,0.9861
GOPR0572_frame_000542_rain,test,0.9755,0.9823
GOPR0572_frame_000547_rain,test,0.9452,0.9592
GOPR0572_frame_000552_rain,test,0.9771,0.9805
GOPR0572_frame_000578_rain,test,0.9407,0.9291
GOPR0572_frame_000597_rain,test,0.9688,0.9654
GOPR0572_frame_000609_rain,test,0.9969,1.0
GOPR0572_frame_000640_rain,test,0.9836,0.9819
GOPR0572_frame_000645_rain,test,0.9802,0.9911
GOPR0572_frame_000660_rain,test,0.9917,0.9863
GOPR0572_frame_000670_rain,test,0.9415,0.9424
GOPR0572_frame_000674_rain,test,0.9753,0.9623
GOPR0572_frame_000684_rain,test,0.9798,0.9754
GOPR0572_frame_000688_rain,test,0.9775,0.9795
GOPR0572_frame_000692_rain,test,0.9857,0.9943
GOPR0572_frame_000700_rain,test,0.9682,0.9683
GOPR0572_frame_000724_rain,test,0.9968,0.9954
GOPR0572_frame_000728_rain,test,0.9502,0.9028
GOPR0572_frame_000873_rain,test,0.9542,0.9727
GOPR0572_frame_000877_rain,test,0.9762,0.9628
GOPR0572_frame_000906_rain,test,0.9794,0.974
GOPR0572_frame_000915_rain,test,0.9565,0.9505
GOPR0572_frame_000920_rain,test,0.9657,0.9671
GOPR0572_frame_000929_rain,test,0.9879,0.9997
GOPR0572_frame_000934_rain,test,0.9673,0.9677
GOPR0572_frame_000939_rain,test,0.9659,0.9645
GOPR0572_frame_000944_rain,test,0.9756,0.9791
GOPR0572_frame_000956_rain,test,0.9954,1.0
GOPR0572_frame_000966_rain,test,0.98,0.9924
GOPR0572_frame_000971_rain,test,0.9817,0.9738
GOPR0572_frame_000985_rain,test,0.9867,0.9863
GOPR0572_frame_000990_rain,test,0.9949,0.9982
GOPR0572_frame_000995_rain,test,0.9848,0.9813
GOPR0572_frame_001015_rain,test,0.9704,0.9508
GOPR0572_frame_001028_rain,test,0.9819,0.957
GOPR0572_frame_001035_rain,test,0.9946,0.9892
GOPR0573_frame_000180_rain,test,0.9767,0.9782
GOPR0573_frame_000236_rain,test,0.9876,0.9837
GOPR0573_frame_000246_rain,test,0.9752,0.9576
GOPR0573_frame_000253_rain,test,0.9854,0.9558
GOPR0573_frame_000273_rain,test,0.9835,0.9845
GOPR0573_frame_000291_rain,test,0.9614,0.9728
GOPR0573_frame_000300_rain,test,0.9813,0.9858
GOPR0573_frame_000310_rain,test,0.9813,0.9819
GOPR0573_frame_000330_rain,test,0.9904,0.9772
GOPR0573_frame_000348_rain,test,0.9827,1.0
GOPR0573_frame_000355_rain,test,0.9747,0.9711
GOPR0573_frame_000361_rain,test,0.9562,0.9663
GOPR0573_frame_000366_rain,test,0.993,0.9874
GOPR0573_frame_000371_rain,test,0.9434,0.9495
GOPR0573_frame_000378_rain,test,0.9677,0.9656
GOPR0573_frame_000398_rain,test,0.9589,0.9797
GOPR0573_frame_000405_rain,test,0.9941,0.9864
GOPR0573_frame_000412_rain,test,0.9768,0.9888
GOPR0573_frame_000419_rain,test,0.9768,0.9795
GOPR0573_frame_000454_rain,test,0.9851,0.9772
GOPR0573_frame_000461_rain,test,0.9664,0.9703
GOPR0573_frame_000481_rain,test,0.9674,0.9537
GOPR0573_frame_000500_rain,test,0.9622,0.9671
GOPR0573_frame_000506_rain,test,0.9316,0.978
GOPR0573_frame_000511_rain,test,0.9603,0.9796
GOPR0573_frame_000516_rain,test,0.9665,0.9715
GOPR0573_frame_000532_rain,test,0.9847,0.986
GOPR0573_frame_000549_rain,test,0.9703,0.9745
GOPR0573_frame_000587_rain,test,1.0,0.9964
GOPR0573_frame_000594_rain,test,0.9589,0.9069
GOPR0573_frame_000624_rain,test,0.974,0.9748
GOPR0573_frame_000664_rain,test,0.9701,0.8992
GOPR0573_frame_000675_rain,test,0.9591,0.9674
GOPR0573_frame_000695_rain,test,0.9848,0.9672
GOPR0573_frame_000701_rain,test,1.0,0.9921
GOPR0573_frame_000706_rain,test,0.9714,0.9672
GOPR0573_frame_000720_rain,test,0.9622,0.9473
GOPR0573_frame_000740_rain,test,0.9601,0.9703
GOPR0573_frame_000760_rain,test,0.9736,0.9679
GOPR0573_frame_000770_rain,test,0.973,0.9523
GOPR0573_frame_000777_rain,test,0.9738,0.9736
GOPR0573_frame_000789_rain,test,0.97,0.9637
GOPR0573_frame_000999_rain,test,0.9598,0.9733
GOPR0573_frame_001012_rain,test,0.9837,0.9736
GOPR0573_frame_001019_rain,test,1.0,1.0
GOPR0573_frame_001026_rain,test,0.9786,0.9961
GOPR0573_frame_001046_rain,test,0.9829,0.984
GP010400_frame_000616_rain,test,0.9913,1.0
GP010400_frame_000621_rain,test,0.9889,0.9924
GP010400_frame_000636_rain,test,0.9692,0.975
GP010400_frame_000674_rain,test,0.972,0.9765
GP010400_frame_000700_rain,test,0.9545,0.9624
GP010400_frame_000710_rain,test,0.9374,0.9524
GP010400_frame_000733_rain,test,0.9786,0.9692
GP010400_frame_000739_rain,test,0.958,0.9589
GP010400_frame_000762_rain,test,0.9349,0.9457
GP010400_frame_000769_rain,test,0.9759,0.9853
GP010400_frame_000778_rain,test,0.9807,0.9826
GP010400_frame_000786_rain,test,0.9558,0.9524
GP010400_frame_000810_rain,test,0.9819,0.959
GP010400_frame_000818_rain,test,0.9638,0.9832
GP010400_frame_000824_rain,test,0.9476,0.9586
GP010400_frame_000832_rain,test,0.9612,0.9784
GP010400_frame_000852_rain,test,0.9961,0.9804
GP010400_frame_000859_rain,test,0.9695,0.9751
GP010400_frame_000864_rain,test,0.9406,0.9477
GP010400_frame_000869_rain,test,0.9724,0.9813
GP010400_frame_000889_rain,test,0.9791,0.9789
GP010400_frame_000913_rain,test,0.9612,0.9029
GP010400_frame_000919_rain,test,0.9609,0.9612
GP010400_frame_000939_rain,test,0.9662,0.9695
GP010400_frame_000959_rain,test,0.9716,0.9678
GP010400_frame_000970_rain,test,0.9733,0.9227
GP010400_frame_001033_rain,test,0.9768,0.9838
GP010400_frame_001057_rain,test,0.9664,0.9735
GP010402_frame_000326_rain,test,0.9129,0.9301
GP010402_frame_000336_rain,test,0.9717,0.9766
GP010402_frame_000343_rain,test,0.9843,0.9805
GP010402_frame_000363_rain,test,0.8676,0.8783
GP010402_frame_000373_rain,test,0.9624,0.9634
GP010402_frame_000383_rain,test,0.9111,0.7834
GP010402_frame_000401_rain,test,0.9345,0.8726
GP010402_frame_000406_rain,test,0.9558,0.9218
GP010402_frame_000411_rain,test,0.9644,0.9446
GP010402_frame_000416_rain,test,0.995,0.9956
GP010402_frame_000423_rain,test,0.9618,0.9605
GP010402_frame_000443_rain,test,0.9698,0.9625
GP010402_frame_000463_rain,test,0.9994,0.9941
GP010402_frame_000478_rain,test,0.9466,0.9646
GP010402_frame_000484_rain,test,0.893,0.8574
GP010402_frame_000491_rain,test,0.9699,0.8605
GP010402_frame_000499_rain,test,0.9856,0.9506
GP010402_frame_000517_rain,test,0.8879,0.8862
GP010402_frame_000526_rain,test,0.9931,0.804
GP010402_frame_000533_rain,test,0.913,0.8704
GP010402_frame_000540_rain,test,0.9338,0.8917
GP010402_frame_000547_rain,test,0.8541,0.903
GP010402_frame_000563_rain,test,0.9447,0.9552
GP010402_frame_000573_rain,test,0.9618,0.967
GP010402_frame_000593_rain,test,0.9793,0.9713
GP010402_frame_000600_rain,test,0.9789,0.8865
GP010402_frame_000613_rain,test,0.9585,0.9732
GP010402_frame_000633_rain,test,0.9688,0.9704
GP010402_frame_000803_rain,test,0.9102,0.9524
GP010402_frame_000823_rain,test,0.9647,0.9703
GP010402_frame_000843_rain,test,0.9627,0.9703
GP010402_frame_000863_rain,test,0.9826,0.9837
GP010402_frame_000883_rain,test,0.984,0.9838
GP010402_frame_000894_rain,test,0.9693,0.9724
GP010402_frame_000903_rain,test,0.9873,0.9774
GP010402_frame_000909_rain,test,0.922,0.9097
GP010402_frame_000915_rain,test,0.9748,0.964
GP010402_frame_000921_rain,test,0.9661,0.8551
GP010402_frame_000927_rain,test,0.9811,0.8992
GP010402_frame_000932_rain,test,0.9411,0.8699
GP010402_frame_000937_rain,test,0.9597,0.9119
GP010402_frame_000942_rain,test,0.9697,0.8897
GP010402_frame_000949_rain,test,0.9292,0.9406
GP010402_frame_000969_rain,test,0.9762,0.9142
GP010402_frame_000998_rain,test,0.9791,0.9212
GP010402_frame_001006_rain,test,0.9684,0.9701
GP010402_frame_001026_rain,test,0.9609,0.9465
GP010402_frame_001046_rain,test,0.9739,0.9687
GP010571_frame_000077_rain,test,0.9481,0.9634
GP010571_frame_000097_rain,test,0.9742,0.966
GP010571_frame_000137_rain,test,0.9999,0.9929
GP010571_frame_000157_rain,test,0.978,0.9735
GP010571_frame_000177_rain,test,0.8418,0.8186
GP010571_frame_000197_rain,test,0.9492,0.9385
GP010571_frame_000205_rain,test,0.9624,0.9821
GP010571_frame_000221_rain,test,0.925,0.8386
GP010571_frame_000226_rain,test,0.8611,0.8575
GP010571_frame_000231_rain,test,0.9652,0.9858
GP010571_frame_000241_rain,test,0.9821,0.974
GP010571_frame_000246_rain,test,0.9773,0.9677
GP010571_frame_000257_rain,test,0.9928,0.9702
GP010571_frame_000292_rain,test,0.9805,0.9457
GP010571_frame_000312_rain,test,0.972,0.9815
GP010571_frame_000336_rain,test,0.977,0.965
GP010571_frame_000542_rain,test,0.9768,0.9762
GP010571_frame_000549_rain,test,0.9836,0.7998
GP010571_frame_000554_rain,test,0.9737,0.9704
GP010571_frame_000560_rain,test,0.9672,0.9729
GP010571_frame_000566_rain,test,0.9529,0.9625
GP010571_frame_000571_rain,test,0.9569,0.9921
GP010571_frame_000576_rain,test,0.9871,0.9949
GP010571_frame_000585_rain,test,0.9763,0.9511
GP010571_frame_000593_rain,test,0.9966,0.9944
GP010571_frame_000599_rain,test,0.9972,0.9837
GP010571_frame_000607_rain,test,0.9874,0.9877
GP010571_frame_000756_rain,test,0.96,0.9512
GP010571_frame_000763_rain,test,0.9791,0.9161
GP010571_frame_000771_rain,test,0.9253,0.9099
GP010571_frame_000778_rain,test,0.9528,0.9036
GP010571_frame_000784_rain,test,0.9706,0.9397
GP010571_frame_000790_rain,test,0.9804,0.8931
GP010571_frame_000803_rain,test,0.9831,0.9398
GP010571_frame_000862_rain,test,0.9787,0.8777
GP010571_frame_000882_rain,test,0.9794,0.8722
GP010571_frame_000895_rain,test,0.9788,0.9543
GP010571_frame_000909_rain,test,0.9748,0.9792
GP010571_frame_000923_rain,test,0.9912,0.9822
GP010571_frame_000937_rain,test,0.8623,0.7938
GP010571_frame_000957_rain,test,0.9858,0.9872
GP010571_frame_000977_rain,test,0.9759,0.9761
GP010571_frame_000997_rain,test,0.9761,0.9839
GP010571_frame_001030_rain,test,0.9843,0.9836
GP010571_frame_001050_rain,test,0.9866,0.9614
GP010572_frame_000027_rain,test,0.9588,0.9466
GP010572_frame_000047_rain,test,0.978,0.9745
GP010572_frame_000054_rain,test,0.9794,0.9242
GP010572_frame_000060_rain,test,0.973,0.9699
GP010572_frame_000066_rain,test,0.9549,0.9561
GP010572_frame_000072_rain,test,0.9929,0.9843
GP010572_frame_000077_rain,test,0.989,0.9847
GP010572_frame_000082_rain,test,0.9837,0.9788
GP010572_frame_000088_rain,test,0.9728,0.9771
GP010572_frame_000093_rain,test,0.9837,0.9756
GP010572_frame_000098_rain,test,0.9891,0.986
GP010572_frame_000118_rain,test,0.9669,0.9767
GP010572_frame_000130_rain,test,0.968,0.9781
GP010572_frame_000136_rain,test,0.9656,0.9653
GP010572_frame_000142_rain,test,0.9068,0.9278
GP010572_frame_000147_rain,test,0.9746,0.9871
GP010572_frame_000167_rain,test,0.9774,0.9793
GP010572_frame_000178_rain,test,0.9646,0.9249
GP010572_frame_000186_rain,test,0.9724,0.9197
GP010572_frame_000737_rain,test,0.9498,0.9331
GP010572_frame_000771_rain,test,0.9683,0.9809
GP010572_frame_000779_rain,test,0.9869,0.9844
GP010572_frame_000785_rain,test,0.971,0.982
GP010572_frame_000790_rain,test,1.0,1.0
GP010572_frame_000795_rain,test,0.9925,0.9946
GP010572_frame_000800_rain,test,1.0,1.0
GP010572_frame_000806_rain,test,0.9759,0.97
GP010572_frame_000826_rain,test,0.9781,0.9609
GP010572_frame_000833_rain,test,0.9915,0.983
GP010572_frame_000868_rain,test,0.9859,0.9658
GP010572_frame_000874_rain,test,0.984,0.9843
GP010572_frame_000880_rain,test,0.9751,0.9877
GP010572_frame_000885_rain,test,0.9752,0.9776
GP010572_frame_000890_rain,test,0.9779,0.9881
GP010572_frame_000895_rain,test,0.9806,0.9804
GP010572_frame_000901_rain,test,0.9784,0.9842
GP010572_frame_000906_rain,test,0.9564,0.9887
GP010572_frame_000911_rain,test,1.0,0.9949
GP010572_frame_000916_rain,test,0.9582,0.9698
GP010573_frame_000001_rain,test,0.9699,0.9622
GP010573_frame_000025_rain,test,0.8749,0.8621
GP010573_frame_000039_rain,test,0.9851,0.9304
GP010573_frame_000088_rain,test,0.9602,0.9461
GP010573_frame_000102_rain,test,0.941,0.935
GP010573_frame_000142_rain,test,0.9931,0.9099
GP010573_frame_000152_rain,test,0.9599,0.9422
GP010573_frame_000168_rain,test,1.0,0.9969
GP010573_frame_000178_rain,test,0.9581,0.9463
GP010573_frame_000185_rain,test,0.9715,0.9439
GP010573_frame_000192_rain,test,0.9686,0.8915
GP010573_frame_000199_rain,test,0.9656,0.9645
GP010573_frame_000208_rain,test,0.9765,0.972
GP010573_frame_000228_rain,test,0.9303,0.9431
GP010573_frame_000248_rain,test,0.9548,0.9423
GP010573_frame_000268_rain,test,0.9917,0.9926
GP010573_frame_000276_rain,test,0.9501,0.9404
GP010573_frame_000289_rain,test,0.9742,0.9758
GP010573_frame_000309_rain,test,0.9769,0.9766
GP010573_frame_000369_rain,test,0.974,0.9712
GP010573_frame_000378_rain,test,0.9668,0.9624
GP010573_frame_000385_rain,test,0.9746,0.974
GP010573_frame_000403_rain,test,0.9913,0.993
GP010573_frame_000411_rain,test,0.9885,0.9914
GP010573_frame_000421_rain,test,0.9857,0.9874
GP010573_frame_000485_rain,test,0.995,0.9747
GP010573_frame_000505_rain,test,1.0,1.0
GP010573_frame_000525_rain,test,0.9381,0.9418
GP010573_frame_000545_rain,test,0.9671,0.9757
GP010573_frame_000555_rain,test,0.9796,0.9562
GP010573_frame_000567_rain,test,0.9649,0.9455
GP010573_frame_000575_rain,test,0.9607,0.9646
GP010573_frame_000602_rain,test,0.9852,0.9678
GP010573_frame_000622_rain,test,0.9858,0.9776
GP010573_frame_000632_rain,test,0.9675,0.9473
GP010573_frame_000645_rain,test,0.9577,0.8626
GP010573_frame_000656_rain,test,0.9745,0.9728
GP010573_frame_000676_rain,test,0.9743,0.9557
GP010573_frame_000696_rain,test,0.9744,0.9537
GP010573_frame_000714_rain,test,0.9837,0.9873
GP010573_frame_000728_rain,test,0.9414,0.8608
GP010573_frame_000748_rain,test,0.9623,0.9787
GP010573_frame_000768_rain,test,0.9771,0.9874
GP010573_frame_000788_rain,test,0.9754,0.9734
GP010573_frame_000794_rain,test,1.0,1.0
GP010573_frame_000799_rain,test,0.9905,0.9966
GP010573_frame_000804_rain,test,0.9834,0.9856
GP010573_frame_000837_rain,test,0.9913,0.9927
GP010573_frame_000850_rain,test,0.9925,0.9978
GP010573_frame_000870_rain,test,0.9801,0.9761
GP010573_frame_000890_rain,test,0.9742,0.987
GP010573_frame_000896_rain,test,0.9985,0.9994
GP010573_frame_000901_rain,test,0.9705,0.987
GP010573_frame_000911_rain,test,0.9717,0.9821
GP010573_frame_000917_rain,test,0.9842,0.9955
GP010573_frame_000937_rain,test,0.9666,0.9625
GP010573_frame_000944_rain,test,0.9749,0.9703
GP010573_frame_000950_rain,test,0.9087,0.8607
GP010573_frame_000964_rain,test,0.9363,0.9578
GP010573_frame_000984_rain,test,0.8871,0.8349
GP010573_frame_000990_rain,test,0.9884,0.9909
GP010573_frame_000999_rain,test,0.9809,0.9819
GP010573_frame_001013_rain,test,0.9611,0.9599
GP010573_frame_001020_rain,test,0.9676,0.9686
GP010573_frame_001026_rain,test,0.9773,0.9873
GP010573_frame_001032_rain,test,0.9808,0.9826
GP010573_frame_001038_rain,test,0.9726,0.9833
GP010573_frame_001056_rain,test,0.9772,0.9773
GP020400_frame_000001_rain,test,0.9773,0.9755
GP020400_frame_000021_rain,test,0.9686,0.9714
GP020400_frame_000041_rain,test,0.9518,0.967
GP020400_frame_000048_rain,test,0.9507,0.9626
GP020400_frame_000054_rain,test,0.919,0.9198
GP020400_frame_000061_rain,test,0.9944,0.9915
GP020400_frame_000069_rain,test,0.9342,0.9481
GP020400_frame_000075_rain,test,0.9779,0.993
GP020400_frame_000084_rain,test,0.9759,0.9853
GP020400_frame_000110_rain,test,0.9789,0.9752
GP020400_frame_000122_rain,test,0.9797,0.947
GP020400_frame_000138_rain,test,0.9804,0.9686
GP020400_frame_000142_rain,test,0.9803,0.9694
GP020571_frame_000001_rain,test,0.9668,0.9626
GP020571_frame_000010_rain,test,0.9885,0.9843
GP020571_frame_000019_rain,test,0.9779,0.9397
GP020571_frame_000029_rain,test,0.9919,0.9814
GP020571_frame_000037_rain,test,0.9917,0.9746
GP020571_frame_000050_rain,test,0.9865,0.9779
GP020571_frame_000055_rain,test,0.961,0.9625
GP020571_frame_000065_rain,test,0.9697,0.9778
GP020571_frame_000084_rain,test,0.9637,0.9638
GP020571_frame_000099_rain,test,0.9585,0.9571
GP020571_frame_000105_rain,test,0.9982,0.9993
GP020571_frame_000111_rain,test,0.9832,0.9788
GP020571_frame_000117_rain,test,0.9996,0.995
GP020571_frame_000124_rain,test,0.9655,0.9612
GP020571_frame_000146_rain,test,1.0,0.986
GP020571_frame_000153_rain,test,0.9605,0.941
GP020571_frame_000173_rain,test,0.9743,0.9723
GP020571_frame_000193_rain,test,0.9712,0.9788
GP020571_frame_000213_rain,test,0.9694,0.9739
GP020571_frame_000233_rain,test,0.9602,0.9819
GP020571_frame_000242_rain,test,0.9918,0.9904
GP020571_frame_000248_rain,test,0.9707,0.969
GP020573_frame_000001_rain,test,0.9978,0.998
GP020573_frame_000021_rain,test,0.9799,0.9818
GP020573_frame_000027_rain,test,0.9794,0.9882
GP020573_frame_000032_rain,test,0.9602,0.9651
GP020573_frame_000038_rain,test,0.8903,0.8924
GP020573_frame_000045_rain,test,0.9863,0.9839
GP020573_frame_000065_rain,test,0.982,0.9797
GP020573_frame_000117_rain,test,0.9988,1.0
GP020573_frame_000125_rain,test,0.9886,0.9876
GP020573_frame_000133_rain,test,0.9804,0.9841
GP020573_frame_000142_rain,test,0.9827,0.9912
GP020573_frame_000149_rain,test,0.9131,0.913
GP020573_frame_000156_rain,test,1.0,0.9925
GP020573_frame_000171_rain,test,0.963,0.9448
GP020573_frame_000182_rain,test,0.9742,0.9764
GP020573_frame_000202_rain,test,0.9615,0.9624
GP020573_frame_000214_rain,test,0.9614,0.959
GP020573_frame_000222_rain,test,0.9729,0.9861
GP020573_frame_000233_rain,test,0.9536,0.9629
GP020573_frame_000241_rain,test,0.974,0.923
GP020573_frame_000252_rain,test,0.9895,0.9886
GP020573_frame_000272_rain,test,0.9667,0.9656
GP020573_frame_000280_rain,test,0.9681,0.9904
GP020573_frame_000348_rain,test,0.9302,0.8777
GP020573_frame_000353_rain,test,0.9649,0.9395
GP020573_frame_000359_rain,test,0.9671,0.9499
GP020573_frame_000367_rain,test,0.9611,0.9628
GP020573_frame_000375_rain,test,1.0,1.0
GP020573_frame_000381_rain,test,0.9777,0.9559
GP020573_frame_000387_rain,test,0.9883,0.9492
GP020573_frame_000393_rain,test,0.9687,0.9704
GP020573_frame_000399_rain,test,0.9882,0.9906
GP020573_frame_000404_rain,test,0.9522,0.9524
GP020573_frame_000424_rain,test,0.972,0.9628
GP020573_frame_000444_rain,test,0.9647,0.9686
GP020573_frame_000464_rain,test,0.9605,0.9597
GP020573_frame_000497_rain,test,0.9756,0.9765
GP020573_frame_000505_rain,test,0.9766,0.9742
GP020573_frame_000511_rain,test,0.9769,0.978
GP020573_frame_000529_rain,test,0.979,0.9705
GP020573_frame_000549_rain,test,0.9595,0.9697
GP020573_frame_000561_rain,test,1.0,0.9284
GP020573_frame_000568_rain,test,0.9769,0.885
GP020573_frame_000576_rain,test,0.9979,0.8941
GP020573_frame_000596_rain,test,0.9371,0.9358
GP020573_frame_000613_rain,test,0.969,0.9608
GP020573_frame_000620_rain,test,0.9653,0.9612
GP020573_frame_000627_rain,test,0.9643,0.9788
GP020573_frame_000635_rain,test,0.9825,0.955
GP020573_frame_000655_rain,test,0.9853,0.9849
GP020573_frame_000666_rain,test,0.9078,0.9254
GP020573_frame_000681_rain,test,0.9538,0.9169
GP020573_frame_000692_rain,test,0.9751,0.9101
GP020573_frame_000699_rain,test,0.916,0.8688
GP020573_frame_000705_rain,test,0.8327,0.8206
GP020573_frame_000712_rain,test,0.9667,0.9457
GP020573_frame_000721_rain,test,0.9444,0.9346
GP020573_frame_000728_rain,test,0.9982,0.9948
GP020573_frame_000748_rain,test,0.9905,0.9778
GP020573_frame_000758_rain,test,0.9033,0.8111
GP020573_frame_000764_rain,test,0.982,0.9832
GP020573_frame_000770_rain,test,0.9795,0.9697
GP020573_frame_000815_rain,test,0.9788,0.9797
GP020573_frame_000825_rain,test,0.9594,0.9711
GP020573_frame_000845_rain,test,0.9297,0.9561
GP020573_frame_000864_rain,test,0.997,0.9992
GP020573_frame_000874_rain,test,0.9631,0.9669
GP020573_frame_000880_rain,test,0.9666,0.9672
GP020573_frame_000887_rain,test,0.9983,0.9378
GP030573_frame_000073_rain,test,0.8255,0.9714
GP030573_frame_000104_rain,test,0.9809,0.9828
GP030573_frame_000124_rain,test,0.9329,0.8706
GP030573_frame_000134_rain,test,0.9613,0.9749
GP030573_frame_000141_rain,test,0.9724,0.9827
GP030573_frame_000151_rain,test,0.9577,0.949
GP030573_frame_000171_rain,test,0.9732,0.93
GP030573_frame_000181_rain,test,0.9921,0.9911
GP030573_frame_000201_rain,test,0.9603,0.9712
GP030573_frame_000215_rain,test,0.9541,0.9603
GP030573_frame_000222_rain,test,0.9737,0.9621
GP030573_frame_000237_rain,test,0.9705,0.8595
GP030573_frame_000244_rain,test,0.8904,0.9641
GP030573_frame_000250_rain,test,0.9927,0.9199
GP030573_frame_000270_rain,test,0.8961,0.757
GP030573_frame_000290_rain,test,0.9711,0.9423
GP030573_frame_000330_rain,test,0.9703,0.9634
GP030573_frame_000370_rain,test,0.9785,0.9756
GP030573_frame_000390_rain,test,0.9666,0.9669
GP030573_frame_000399_rain,test,0.9761,0.8634
GP030573_frame_000519_rain,test,0.9755,0.9675
GP030573_frame_000539_rain,test,0.9828,0.9885
GP030573_frame_000559_rain,test,0.9843,0.9838
GP030573_frame_000579_rain,test,0.9854,0.9664
GP030573_frame_000599_rain,test,0.9679,0.9766
GP030573_frame_000606_rain,test,0.9426,0.9493
GP030573_frame_000626_rain,test,0.9686,0.9654
GP030573_frame_000638_rain,test,0.999,0.9997
GP030573_frame_000658_rain,test,0.9662,0.9897
GP030573_frame_000678_rain,test,0.9877,0.9762
GP030573_frame_000698_rain,test,0.9687,0.9548
GP030573_frame_000718_rain,test,0.982,0.9934
GP030573_frame_000731_rain,test,0.9814,0.9798
GP030573_frame_000741_rain,test,0.969,0.9761
GP030573_frame_000746_rain,test,1.0,1.0
GP030573_frame_000766_rain,test,0.9621,0.9606
GP030573_frame_000777_rain,test,0.9673,0.9783
GP030573_frame_000782_rain,test,0.9719,0.9737
GP030573_frame_000787_rain,test,0.9541,0.971
GP030573_frame_000792_rain,test,0.9663,0.9665
GP030573_frame_000797_rain,test,0.9461,0.9514
GP030573_frame_000801_rain,test,0.9412,0.9319
GP030573_frame_000808_rain,test,0.9785,0.9723
GP030573_frame_000817_rain,test,0.9615,0.9609
GP030573_frame_000824_rain,test,0.9813,0.9742
GP030573_frame_000839_rain,test,0.9823,0.9909
GP030573_frame_000844_rain,test,0.9852,0.9594
GP030573_frame_000849_rain,test,0.9796,0.9787
GP030573_frame_000855_rain,test,0.9889,0.9485
GP030573_frame_000875_rain,test,0.9587,0.9488
GP030573_frame_000895_rain,test,0.9442,0.9685
GP030573_frame_000904_rain,test,0.969,0.9739
GP030573_frame_000909_rain,test,0.9929,0.9872
GP030573_frame_000914_rain,test,0.9695,0.9702
GOPR0400_frame_000216_rain,train,0.9701,0.9635
GOPR0400_frame_000224_rain,train,0.9761,0.9707
GOPR0400_frame_000228_rain,train,0.9442,0.9333
GOPR0400_frame_000248_rain,train,0.983,0.9873
GOPR0400_frame_000252_rain,train,0.9514,0.9548
GOPR0400_frame_000256_rain,train,0.9645,0.9802
GOPR0400_frame_000261_rain,train,0.9907,0.9964
GOPR0400_frame_000266_rain,train,0.9202,0.9308
GOPR0400_frame_000272_rain,train,0.9526,0.9639
GOPR0400_frame_000280_rain,train,0.9553,0.9556
GOPR0400_frame_000298_rain,train,0.8738,0.8955
GOPR0400_frame_000328_rain,train,0.9669,0.9721
GOPR0400_frame_000337_rain,train,0.9593,0.9806
GOPR0400_frame_000350_rain,train,0.9829,0.9813
GOPR0400_frame_000370_rain,train,0.9837,0.9846
GOPR0400_frame_000405_rain,train,0.9809,0.9589
GOPR0400_frame_000431_rain,train,0.9428,0.9628
GOPR0400_frame_000436_rain,train,0.9409,0.9342
GOPR0400_frame_000443_rain,train,0.9677,0.9627
GOPR0400_frame_000454_rain,train,0.9558,0.9715
GOPR0400_frame_000459_rain,train,0.9449,0.9615
GOPR0400_frame_000479_rain,train,0.9356,0.9745
GOPR0400_frame_000494_rain,train,0.9696,0.9651
GOPR0400_frame_000504_rain,train,0.9388,0.9469
GOPR0400_frame_000514_rain,train,0.9147,0.9243
GOPR0400_frame_000524_rain,train,0.9425,0.9532
GOPR0400_frame_000545_rain,train,0.9569,0.978
GOPR0400_frame_000550_rain,train,0.9979,0.9896
GOPR0400_frame_000570_rain,train,0.9903,0.9547
GOPR0400_frame_000575_rain,train,0.9647,0.9724
GOPR0400_frame_000580_rain,train,0.9366,0.9354
GOPR0400_frame_000585_rain,train,0.9608,0.9616
GOPR0400_frame_000597_rain,train,0.9692,0.9515
GOPR0400_frame_000622_rain,train,0.9616,0.9627
GOPR0400_frame_000636_rain,train,0.9566,0.9501
GOPR0400_frame_000642_rain,train,0.9749,0.9885
GOPR0400_frame_000662_rain,train,0.9741,0.9768
GOPR0400_frame_000668_rain,train,0.9641,0.9732
GOPR0400_frame_000674_rain,train,0.9595,0.9728
GOPR0400_frame_000678_rain,train,0.9681,0.9652
GOPR0400_frame_000683_rain,train,0.9461,0.9596
GOPR0400_frame_000693_rain,train,0.942,0.9643
GOPR0400_frame_000698_rain,train,0.9443,0.9645
GOPR0400_frame_000702_rain,train,0.9538,0.9689
GOPR0400_frame_000706_rain,train,0.9777,0.9815
GOPR0400_frame_000711_rain,train,0.9309,0.9304
GOPR0400_frame_000716_rain,train,0.9667,0.9702
GOPR0400_frame_000727_rain,train,0.9537,0.9627
GOPR0400_frame_000747_rain,train,0.9727,0.987
GOPR0400_frame_000783_rain,train,0.9624,0.9699
GOPR0400_frame_000803_rain,train,0.9483,0.9616
GOPR0400_frame_000811_rain,train,0.9572,0.966
GOPR0400_frame_000829_rain,train,0.981,0.9796
GOPR0400_frame_000836_rain,train,0.9757,0.9815
GOPR0400_frame_000856_rain,train,0.9752,0.9759
GOPR0400_frame_000876_rain,train,0.9198,0.9351
GOPR0400_frame_000896_rain,train,0.9741,0.9676
GOPR0400_frame_000914_rain,train,0.9953,0.9954
GOPR0400_frame_000922_rain,train,0.9568,0.971
GOPR0400_frame_000935_rain,train,0.9661,0.9881
GOPR0400_frame_000940_rain,train,0.9776,0.9804
GOPR0400_frame_000945_rain,train,0.9823,0.985
GOPR0400_frame_000950_rain,train,0.9531,0.9403
GOPR0400_frame_000960_rain,train,0.9649,0.9686
GOPR0400_frame_000969_rain,train,1.0,0.9994
GOPR0400_frame_000989_rain,train,0.9629,0.9556
GOPR0400_frame_000998_rain,train,0.9625,0.9507
GOPR0400_frame_001003_rain,train,0.9691,0.9648
GOPR0400_frame_001009_rain,train,0.9873,0.9854
GOPR0400_frame_001015_rain,train,0.944,0.9428
GOPR0400_frame_001022_rain,train,0.9711,0.9283
GOPR0400_frame_001028_rain,train,0.9753,0.9809
GOPR0400_frame_001044_rain,train,0.9602,0.9623
GOPR0400_frame_001049_rain,train,0.9759,0.9763
GOPR0400_frame_001054_rain,train,0.9978,1.0
GOPR0402_frame_000485_rain,train,0.9786,0.9694
GOPR0402_frame_000491_rain,train,0.9683,0.9559
GOPR0402_frame_000496_rain,train,0.8415,0.9517
GOPR0402_frame_000506_rain,train,0.9686,0.9828
GOPR0402_frame_000511_rain,train,0.9499,0.9117
GOPR0402_frame_000516_rain,train,0.9594,0.8946
GOPR0402_frame_000521_rain,train,0.9793,0.9685
GOPR0402_frame_000531_rain,train,0.9861,0.8417
GOPR0402_frame_000536_rain,train,0.9698,0.827
GOPR0402_frame_000541_rain,train,0.9643,0.8537
GOPR0402_frame_000546_rain,train,0.9521,0.8083
GOPR0402_frame_000551_rain,train,0.9603,0.9592
GOPR0402_frame_000556_rain,train,0.9807,0.9773
GOPR0402_frame_000561_rain,train,0.9647,0.9544
GOPR0402_frame_000567_rain,train,0.9617,0.9552
GOPR0402_frame_000587_rain,train,0.9603,0.9491
GOPR0402_frame_000598_rain,train,0.9939,0.9711
GOPR0402_frame_000605_rain,train,0.9698,0.9713
GOPR0402_frame_000612_rain,train,0.9645,0.9591
GOPR0402_frame_000632_rain,train,0.9678,0.9643
GOPR0402_frame_000652_rain,train,0.9635,0.9626
GOPR0402_frame_000661_rain,train,0.9613,0.952
GOPR0402_frame_000668_rain,train,0.9673,0.9697
GOPR0402_frame_000675_rain,train,0.9776,0.9757
GOPR0402_frame_000681_rain,train,0.9556,0.9506
GOPR0402_frame_000687_rain,train,0.958,0.9548
GOPR0402_frame_000699_rain,train,0.9245,0.921
GOPR0402_frame_000705_rain,train,0.9524,0.9198
GOPR0402_frame_000712_rain,train,0.9663,0.9654
GOPR0402_frame_000718_rain,train,0.9589,0.9575
GOPR0402_frame_000823_rain,train,0.9392,0.9423
GOPR0402_frame_000832_rain,train,0.9757,0.9791
GOPR0402_frame_000841_rain,train,0.9703,0.9771
GOPR0402_frame_000850_rain,train,0.9588,0.9595
GOPR0402_frame_000858_rain,train,0.9627,0.9746
GOPR0402_frame_000874_rain,train,0.9907,0.9875
GOPR0402_frame_000883_rain,train,0.9684,0.9681
GOPR0402_frame_000892_rain,train,0.9704,0.9772
GOPR0402_frame_000899_rain,train,0.9593,0.9584
GOPR0402_frame_000905_rain,train,0.971,0.8745
GOPR0402_frame_000917_rain,train,0.9541,0.9708
GOPR0402_frame_000937_rain,train,0.9571,0.9602
GOPR0402_frame_000958_rain,train,0.9776,0.9397
GOPR0402_frame_000964_rain,train,0.977,0.9377
GOPR0402_frame_000969_rain,train,0.9831,0.9818
GOPR0402_frame_000984_rain,train,0.9393,0.9425
GOPR0402_frame_000989_rain,train,0.9967,0.9844
GOPR0402_frame_001014_rain,train,0.9721,0.972
GOPR0402_frame_001022_rain,train,0.9697,0.9624
GOPR0402_frame_001028_rain,train,0.9683,0.9467
GOPR0402_frame_001034_rain,train,0.9462,0.9622
GOPR0402_frame_001040_rain,train,0.9624,0.9594
GOPR0402_frame_001048_rain,train,0.9692,0.9791
GOPR0402_frame_001056_rain,train,0.9667,0.9671
GP010400_frame_000001_rain,train,0.9741,0.9591
GP010400_frame_000012_rain,train,0.957,0.9809
GP010400_frame_000022_rain,train,0.9755,0.9726
GP010400_frame_000027_rain,train,0.9626,0.9653
GP010400_frame_000032_rain,train,0.982,0.9742
GP010400_frame_000037_rain,train,0.9677,0.9809
GP010400_frame_000042_rain,train,0.9815,0.9836
GP010400_frame_000047_rain,train,0.9477,0.9466
GP010400_frame_000052_rain,train,0.9746,0.9823
GP010400_frame_000059_rain,train,0.9848,0.9881
GP010400_frame_000066_rain,train,0.9872,0.988
GP010400_frame_000071_rain,train,0.9686,0.9703
GP010400_frame_000081_rain,train,0.9834,0.9917
GP010400_frame_000087_rain,train,0.9755,0.9763
GP010400_frame_000095_rain,train,1.0,1.0
GP010400_frame_000101_rain,train,0.9381,0.9351
GP010400_frame_000112_rain,train,0.9657,0.9734
GP010400_frame_000117_rain,train,0.9676,0.9581
GP010400_frame_000128_rain,train,0.9806,0.9823
GP010400_frame_000133_rain,train,0.9592,0.9433
GP010400_frame_000137_rain,train,0.9591,0.9539
GP010400_frame_000141_rain,train,0.9756,0.9749
GP010400_frame_000145_rain,train,0.9907,0.9807
GP010400_frame_000149_rain,train,0.9642,0.9655
GP010400_frame_000154_rain,train,0.9294,0.9288
GP010400_frame_000159_rain,train,0.9531,0.9459
GP010400_frame_000169_rain,train,0.9735,0.978
GP010400_frame_000174_rain,train,0.9831,0.986
GP010400_frame_000179_rain,train,0.974,0.9739
GP010400_frame_000184_rain,train,0.9368,0.9281
GP010400_frame_000189_rain,train,1.0,0.9904
GP010400_frame_000194_rain,train,0.9647,0.9609
GP010400_frame_000420_rain,train,0.9411,0.9539
GP010400_frame_000425_rain,train,0.9549,0.9521
GP010400_frame_000430_rain,train,0.9763,0.986
GP010400_frame_000447_rain,train,0.9857,0.9834
GP010400_frame_000452_rain,train,0.9675,0.9692
GP010400_frame_000459_rain,train,0.9689,0.9698
GP010400_frame_000479_rain,train,0.9903,0.9892
GP010400_frame_000493_rain,train,0.9796,0.9769
GP010400_frame_000501_rain,train,0.9632,0.9774
GP010400_frame_000507_rain,train,0.9799,0.9703
GP010400_frame_000513_rain,train,0.9903,0.9896
GP010400_frame_000519_rain,train,0.9626,0.9782
GP010400_frame_000527_rain,train,0.9527,0.9468
GP010400_frame_000533_rain,train,0.9805,0.977
GP010400_frame_000538_rain,train,0.9685,0.9691
GP010400_frame_000543_rain,train,0.9805,0.9761
GP010400_frame_000548_rain,train,0.9527,0.9756
GP010400_frame_000553_rain,train,0.9845,0.9932
GP010400_frame_000558_rain,train,0.9847,0.9861
GP010400_frame_000563_rain,train,0.9905,0.9818
GP010400_frame_000568_rain,train,1.0,0.995
GP010400_frame_000580_rain,train,0.9808,0.9798
GP010400_frame_000597_rain,train,0.9459,0.9661
GP010400_frame_000605_rain,train,0.9447,0.9522
GP010400_frame_000610_rain,train,0.9565,0.9681
GP010402_frame_000001_rain,train,0.9706,0.9591
GP010402_frame_000006_rain,train,0.9465,0.8524
GP010402_frame_000011_rain,train,0.9773,0.8786
GP010402_frame_000016_rain,train,0.9868,0.9924
GP010402_frame_000036_rain,train,0.9733,0.9731
GP010402_frame_000045_rain,train,0.9634,0.8801
GP010402_frame_000051_rain,train,0.9442,0.8475
GP010402_frame_000058_rain,train,0.9542,0.9587
GP010402_frame_000078_rain,train,0.9759,0.974
GP010402_frame_000098_rain,train,0.9926,0.9834
GP010402_frame_000104_rain,train,0.9759,0.9742
GP010402_frame_000111_rain,train,0.9688,0.9636
GP010402_frame_000126_rain,train,0.9721,0.9725
GP010402_frame_000133_rain,train,0.9592,0.9722
GP010402_frame_000142_rain,train,0.9562,0.8193
GP010402_frame_000149_rain,train,0.97,0.9731
GP010402_frame_000169_rain,train,0.9751,0.9852
GP010402_frame_000177_rain,train,0.9691,0.9843
GP010402_frame_000183_rain,train,0.9859,0.978
GP010402_frame_000189_rain,train,0.9783,0.9671
GP010402_frame_000194_rain,train,0.9871,0.9764
GP010402_frame_000200_rain,train,0.9774,0.9711
GP010402_frame_000220_rain,train,0.9548,0.9668
GP010402_frame_000227_rain,train,0.973,0.9726
GP010402_frame_000233_rain,train,0.9854,0.9838
GP010402_frame_000238_rain,train,0.9637,0.9625
GP010402_frame_000255_rain,train,0.9663,0.9751
GP010402_frame_000259_rain,train,0.9873,0.9971
GP010402_frame_000268_rain,train,0.9832,0.9806
GP010402_frame_000285_rain,train,0.9789,0.975
GP010402_frame_000291_rain,train,0.9921,1.0
GP020400_frame_000159_rain,train,0.919,0.9157
GP020400_frame_000169_rain,train,0.8797,0.8946
GP020400_frame_000176_rain,train,0.9622,0.9759
GP020400_frame_000183_rain,train,0.9553,0.9593
GP020400_frame_000188_rain,train,0.9751,0.9761
GP020400_frame_000193_rain,train,0.9882,0.9861
GP020400_frame_000198_rain,train,0.9653,0.9668
GP020400_frame_000203_rain,train,0.9599,0.9638
GP020400_frame_000209_rain,train,0.9763,0.9756
GP020400_frame_000215_rain,train,0.9654,0.9912
GP020400_frame_000221_rain,train,0.9123,0.9115
GP020400_frame_000233_rain,train,0.9133,0.9181
GP020400_frame_000239_rain,train,0.9528,0.9493
GP020400_frame_000259_rain,train,0.9677,0.972
GP020400_frame_000299_rain,train,0.9464,0.9551
GP020400_frame_000305_rain,train,0.963,0.9713
GP020400_frame_000325_rain,train,0.9802,0.9824
GP020400_frame_000345_rain,train,0.9614,0.9645
GP020400_frame_000365_rain,train,0.9819,0.9818
GP020400_frame_000374_rain,train,0.9719,0.973
GP020400_frame_000388_rain,train,0.9306,0.9555
GP020400_frame_000394_rain,train,0.9523,0.9472
GP020400_frame_000400_rain,train,0.9632,0.9464
GP020400_frame_000406_rain,train,0.9704,0.9828
GP020400_frame_000412_rain,train,0.9523,0.9559
GP020400_frame_000418_rain,train,0.9727,0.9714
GP020400_frame_000424_rain,train,0.9752,0.9789
GP020400_frame_000429_rain,train,0.9908,0.9839
GP020400_frame_000434_rain,train,0.9673,0.9713
GP020400_frame_000440_rain,train,0.9711,0.977
GP020400_frame_000453_rain,train,0.979,0.9714
GP020400_frame_000460_rain,train,0.9807,0.9799
GP020400_frame_000467_rain,train,0.9333,0.9415
GP020400_frame_000474_rain,train,0.9573,0.9762
GP020400_frame_000480_rain,train,0.9738,0.9718
GP020400_frame_000491_rain,train,0.9366,0.9694
GP020400_frame_000496_rain,train,0.9982,0.9995
GP020400_frame_000501_rain,train,0.9751,0.9733
GP020400_frame_000507_rain,train,0.9455,0.9841
GP020400_frame_000515_rain,train,0.9684,0.9675
GP020400_frame_000522_rain,train,0.9683,0.9737
GP020400_frame_000529_rain,train,0.9797,0.9941
GP020400_frame_000536_rain,train,0.9683,0.9614
GP020400_frame_000544_rain,train,0.9445,0.9579
GP020400_frame_000551_rain,train,0.9693,0.9694
GP020400_frame_000557_rain,train,0.9746,0.9872
GP020400_frame_000570_rain,train,0.9722,0.974
GP020400_frame_000577_rain,train,0.9649,0.9742
GP020400_frame_000583_rain,train,0.917,0.937
GP020400_frame_000589_rain,train,0.9568,0.9644
GP020400_frame_000595_rain,train,0.9101,0.9185
GP020400_frame_000601_rain,train,0.9398,0.9455
GP020400_frame_000607_rain,train,0.9703,0.9649
GP020400_frame_000613_rain,train,0.9407,0.9368
GP020400_frame_000619_rain,train,0.9581,0.9658
GP020400_frame_000625_rain,train,0.9734,0.9816
GP020400_frame_000631_rain,train,0.9839,0.984
GP020400_frame_000640_rain,train,0.9656,0.9585
GP020400_frame_000656_rain,train,0.9659,0.9751
GP020400_frame_000661_rain,train,0.9691,0.9731
GP020400_frame_000666_rain,train,0.9476,0.947
GP020400_frame_000671_rain,train,0.9481,0.9112
GP020400_frame_000676_rain,train,0.9316,0.9654
GP020400_frame_000682_rain,train,0.9588,0.9629
GP020400_frame_000687_rain,train,0.9128,0.9223
GP020400_frame_000692_rain,train,0.9339,0.9356
GP020400_frame_000697_rain,train,0.9678,0.9588
GP020400_frame_000702_rain,train,0.9732,0.9787
GP020400_frame_000706_rain,train,0.9471,0.9659
GP020400_frame_000710_rain,train,0.97,0.9772
GP020400_frame_000714_rain,train,0.9598,0.9633
GP020400_frame_000719_rain,train,0.9463,0.9481
GP020400_frame_000728_rain,train,0.9851,0.9886
GP020400_frame_000748_rain,train,0.9697,0.9738
GP020400_frame_000788_rain,train,0.9616,0.9698
GP020400_frame_000794_rain,train,0.918,0.9372
GP020400_frame_000799_rain,train,0.9722,0.9734
GP020400_frame_000804_rain,train,0.9321,0.9456
GP020400_frame_000809_rain,train,0.9777,0.9858
GP020400_frame_000814_rain,train,0.9792,0.9857
GP020400_frame_000824_rain,train,0.967,0.979
GP020400_frame_000829_rain,train,0.8983,0.8921
GP020400_frame_000834_rain,train,0.9785,0.9792
GP020400_frame_000839_rain,train,0.9478,0.9604
GP020400_frame_000850_rain,train,0.9709,0.9625
GP020400_frame_000857_rain,train,0.9701,0.9839
GP020400_frame_000863_rain,train,0.9453,0.9642
GP020400_frame_000869_rain,train,0.9594,0.9749
GP020400_frame_000897_rain,train,0.9709,0.9526
GP020400_frame_000917_rain,train,0.9839,0.9906
GP020400_frame_000937_rain,train,0.97,0.9691
GP020400_frame_000945_rain,train,0.9674,0.966
GP020400_frame_000953_rain,train,0.912,0.9232
GP020400_frame_000972_rain,train,0.9669,0.967
GP020400_frame_000978_rain,train,0.9795,0.9714
GP020400_frame_000991_rain,train,0.8533,0.853
GP020400_frame_000998_rain,train,0.9657,0.9753
GP020400_frame_001004_rain,train,0.9298,0.9663
GP020400_frame_001026_rain,train,0.9321,0.9471
GP020400_frame_001038_rain,train,0.6533,0.7047
GP020400_frame_001042_rain,train,0.8479,0.8663
GP020400_frame_001050_rain,train,0.9171,0.9377
GP020400_frame_001058_rain,train,0.9549,0.9568
GP020402_frame_000001_rain,train,0.9481,0.9648
GP020402_frame_000007_rain,train,0.9914,0.9882
GP020402_frame_000013_rain,train,0.9531,0.9559
GP020402_frame_000018_rain,train,0.9503,0.9467
GP020402_frame_000023_rain,train,0.9541,0.9492
GP020402_frame_000028_rain,train,0.9814,0.982
GP020402_frame_000043_rain,train,0.9751,0.9605
GP020402_frame_000048_rain,train,0.9543,0.9656
GP020402_frame_000053_rain,train,0.9646,0.945
GP020402_frame_000058_rain,train,0.9576,0.9602
GP020402_frame_000064_rain,train,0.9816,0.9994
GP020402_frame_000070_rain,train,0.9684,0.9719
GP020402_frame_000075_rain,train,0.9456,0.9421
GP020402_frame_000080_rain,train,0.9856,0.9996
GP020402_frame_000085_rain,train,0.9276,0.9468
GP020402_frame_000090_rain,train,0.959,0.9706
GP020402_frame_000097_rain,train,0.9777,0.9779
GP020402_frame_000111_rain,train,0.9674,0.9814
GP020402_frame_000119_rain,train,0.9405,0.9528
GP020402_frame_000125_rain,train,0.952,0.936
GP020402_frame_000131_rain,train,0.9512,0.9684
GP020402_frame_000137_rain,train,0.9507,0.9611
GP020402_frame_000143_rain,train,0.9671,0.9693
GP020402_frame_000148_rain,train,0.9713,0.9796
GP020402_frame_000153_rain,train,0.9761,0.9703
GP020402_frame_000159_rain,train,0.9684,0.9673
GP020402_frame_000165_rain,train,0.9748,0.9556
GP020402_frame_000171_rain,train,0.964,0.8718
GP020402_frame_000191_rain,train,0.9748,0.9706
GP020402_frame_000211_rain,train,0.9747,0.9645
GP020402_frame_000231_rain,train,0.9608,0.9561
GP020402_frame_000251_rain,train,0.9678,0.9664
GP020402_frame_000271_rain,train,0.9471,0.9553
GP020402_frame_000277_rain,train,0.9588,0.9672
GP020402_frame_000282_rain,train,0.9766,0.9732
GP020402_frame_000288_rain,train,0.9736,0.972
GP020402_frame_000295_rain,train,0.9793,0.9768
GP020402_frame_000301_rain,train,0.9752,0.9712
GP020402_frame_000306_rain,train,0.9835,0.9717
GP020402_frame_000311_rain,train,0.9688,0.9746
GP020402_frame_000316_rain,train,0.9806,0.9722
GP020402_frame_000321_rain,train,0.965,0.9663
GP020402_frame_000326_rain,train,0.9508,0.9525
GP020402_frame_000332_rain,train,0.9711,0.9685
GP020402_frame_000352_rain,train,0.979,0.9806
GP020402_frame_000362_rain,train,0.9744,0.9766
GP020402_frame_000372_rain,train,0.9444,0.9291
GP020402_frame_000383_rain,train,0.964,0.96
GP020402_frame_000389_rain,train,0.9651,0.961
GP020402_frame_000404_rain,train,0.961,0.9609
GP020402_frame_000409_rain,train,0.9568,0.9696
GP020402_frame_000414_rain,train,0.9744,0.9781
GP020402_frame_000419_rain,train,0.9617,0.9716
GP020402_frame_000424_rain,train,0.9688,0.9802
GP020402_frame_000440_rain,train,0.9679,0.9325
GP020402_frame_000450_rain,train,0.9981,0.9741
GP020402_frame_000457_rain,train,0.9894,0.9858
GP020402_frame_000465_rain,train,0.9603,0.9626
GP020402_frame_000472_rain,train,0.9581,0.9773
GP020402_frame_000478_rain,train,0.9856,0.9955
GP020402_frame_000485_rain,train,0.9847,0.9901
GP020402_frame_000505_rain,train,0.9538,0.9599
GP020402_frame_000521_rain,train,0.9782,0.9764
GP020402_frame_000531_rain,train,0.9151,0.8736
GP020402_frame_000545_rain,train,0.959,0.9399
GP020402_frame_000554_rain,train,0.9316,0.9595
GP020402_frame_000567_rain,train,0.9785,0.9853
GP020402_frame_000578_rain,train,0.9868,0.9819
GP020402_frame_000587_rain,train,0.9616,0.9596
GP020571_frame_000638_rain,train,0.9765,0.9684
GP020571_frame_000646_rain,train,0.9619,0.9555
GP020571_frame_000656_rain,train,0.9786,0.9795
GP020571_frame_000666_rain,train,0.9651,0.9605
GP020571_frame_000675_rain,train,0.978,0.971
GP020571_frame_000695_rain,train,0.9585,0.9607
GP030400_frame_000005_rain,train,0.9222,0.9502
GP030400_frame_000035_rain,train,0.9331,0.9261
GP030400_frame_000045_rain,train,0.9349,0.9469
GP030400_frame_000050_rain,train,0.9244,0.9345
GP030400_frame_000055_rain,train,0.9387,0.9473
GOPR0400_frame_000058_rain,val,0.9627,0.9694
GOPR0400_frame_000087_rain,val,0.9465,0.9462
GOPR0400_frame_000094_rain,val,0.8499,0.8584
GOPR0400_frame_000107_rain,val,0.9518,0.9726
GOPR0400_frame_000114_rain,val,0.9643,0.976
GOPR0400_frame_000125_rain,val,0.915,0.9118
GOPR0400_frame_000150_rain,val,0.9673,0.973
GOPR0402_frame_000120_rain,val,0.9665,0.9781
GOPR0402_frame_000134_rain,val,0.9641,0.9588
GOPR0402_frame_000154_rain,val,0.8512,0.853
GOPR0402_frame_000186_rain,val,0.9575,0.9569
GOPR0402_frame_000194_rain,val,0.9744,0.9654
GOPR0402_frame_000214_rain,val,0.9682,0.9756
GOPR0402_frame_000234_rain,val,0.9768,0.9727
GOPR0402_frame_000254_rain,val,0.9632,0.9151
GOPR0402_frame_000294_rain,val,0.9588,0.9563
GOPR0402_frame_000304_rain,val,0.9514,0.9756
GOPR0402_frame_000315_rain,val,0.9756,0.972
GOPR0402_frame_000320_rain,val,0.9646,0.973
GOPR0402_frame_000331_rain,val,0.9773,0.9774
GOPR0402_frame_000336_rain,val,0.9717,0.9797
GOPR0402_frame_000351_rain,val,0.9795,0.9804
GOPR0402_frame_000365_rain,val,0.976,0.9748
GOPR0402_frame_000369_rain,val,0.9498,0.9561
GOPR0402_frame_000384_rain,val,0.9459,0.9446
GOPR0402_frame_000402_rain,val,0.9804,0.9715
GOPR0402_frame_000408_rain,val,0.9792,0.9786
GOPR0402_frame_000424_rain,val,0.9415,0.9614
GOPR0402_frame_000429_rain,val,0.9795,0.9684
GOPR0402_frame_000435_rain,val,0.98,0.9791
GOPR0402_frame_000441_rain,val,0.9945,0.9815
GOPR0402_frame_000457_rain,val,0.9521,0.9516
GOPR0402_frame_000741_rain,val,0.9634,0.9638
GOPR0402_frame_000748_rain,val,0.9557,0.9481
GOPR0402_frame_000755_rain,val,0.9797,0.9795
GOPR0402_frame_000761_rain,val,0.9576,0.8533
GOPR0571_frame_000232_rain,val,0.9761,0.9739
GOPR0571_frame_000275_rain,val,0.9765,0.9642
GOPR0572_frame_000736_rain,val,0.9788,0.9717
GOPR0572_frame_000740_rain,val,0.9802,0.9837
GOPR0572_frame_000748_rain,val,0.8738,0.8724
GOPR0572_frame_000752_rain,val,0.9716,0.9675
GOPR0572_frame_000756_rain,val,0.9585,0.9667
GOPR0572_frame_000760_rain,val,0.9734,0.9893
GOPR0572_frame_000773_rain,val,0.9254,0.9132
GOPR0572_frame_000778_rain,val,0.9904,0.9928
GOPR0572_frame_000820_rain,val,0.9829,0.9806
GOPR0572_frame_000825_rain,val,0.9878,0.9872
GOPR0572_frame_000830_rain,val,0.9881,0.9702
GOPR0572_frame_000836_rain,val,0.9475,0.9749
GOPR0572_frame_000860_rain,val,0.9755,0.9889
GP010400_frame_000214_rain,val,0.9778,0.9882
GP010400_frame_000234_rain,val,0.9834,0.9816
GP010400_frame_000290_rain,val,0.9737,0.9709
GP010400_frame_000350_rain,val,0.9766,0.9777
GP010400_frame_000360_rain,val,0.9969,0.994
GP010400_frame_000380_rain,val,0.9748,0.9843
GP020402_frame_000599_rain,val,0.9538,0.9455
GP020402_frame_000615_rain,val,0.9458,0.9595
GP020402_frame_000624_rain,val,0.9693,0.9689
GP020402_frame_000644_rain,val,0.9555,0.9406
GP020402_frame_000723_rain,val,0.9953,0.987
GP020402_frame_000738_rain,val,0.9551,0.9598
GP020402_frame_000748_rain,val,0.9549,0.9475
GP020402_frame_000753_rain,val,0.9969,0.9935
GP020402_frame_000774_rain,val,0.9818,0.9674
GP020402_frame_000784_rain,val,0.9249,0.8382
GP020402_frame_000795_rain,val,0.957,0.9678
GP020402_frame_000802_rain,val,0.9839,0.9813
GP020402_frame_000809_rain,val,0.9727,0.9656
GP020402_frame_000830_rain,val,0.949,0.9622
GP020402_frame_000835_rain,val,0.9693,0.968
GP020402_frame_000843_rain,val,0.9536,0.9552
GP020402_frame_000863_rain,val,0.9448,0.9516
GP020402_frame_000883_rain,val,0.9575,0.9567
GP020402_frame_000898_rain,val,0.9866,0.9827
GP020402_frame_000904_rain,val,0.9773,0.9738
GP020402_frame_000909_rain,val,0.9893,0.9836
GP020402_frame_000914_rain,val,0.9572,0.9501
GP020402_frame_000919_rain,val,0.9781,0.9737
GP020402_frame_000939_rain,val,0.9904,0.9801
GP020402_frame_000946_rain,val,0.9671,0.9558
GP020402_frame_000951_rain,val,0.9585,0.9535
GP020402_frame_000966_rain,val,0.9448,0.9537
GP020402_frame_000971_rain,val,0.9626,0.9696
GP020402_frame_000976_rain,val,0.9621,0.9532
GP020402_frame_000981_rain,val,0.9675,0.9703
GP020402_frame_000994_rain,val,0.978,0.9791
GP020402_frame_001000_rain,val,0.9561,0.9068
GP020402_frame_001020_rain,val,0.9632,0.9509
GP030400_frame_000121_rain,val,0.9612,0.9736
GP030400_frame_000129_rain,val,0.9404,0.9507
GP030400_frame_000135_rain,val,0.9886,0.9893
GP030400_frame_000154_rain,val,0.9414,0.9498
GP030400_frame_000184_rain,val,0.9718,0.9714
GP030402_frame_000001_rain,val,0.8694,0.9829
GP030402_frame_000022_rain,val,0.9579,0.9634
GP030402_frame_000094_rain,val,0.9683,0.9534
GP030402_frame_000266_rain,val,0.9716,0.9715
GP030402_frame_000428_rain,val,0.9486,0.9379
