degradation_type,degradation_level,n,true_mean,pred_mean,MAE
blur,1,422.0,0.945,0.9259,0.0854
blur,2,422.0,0.8367,0.8244,0.1492
blur,3,422.0,0.6229,0.5808,0.2167
blur,4,422.0,0.2536,0.2015,0.1899
dark,1,422.0,0.9328,0.9283,0.0914
dark,2,422.0,0.731,0.688,0.2031
noise,1,422.0,0.9185,0.895,0.1072
noise,2,422.0,0.703,0.6355,0.2123
noise,3,422.0,0.3151,0.2594,0.2187
none,0,422.0,1.0,0.9705,0.0295
overexposure,1,422.0,0.982,0.9533,0.0542
overexposure,2,422.0,0.9095,0.8848,0.1159
rain,1,422.0,0.9459,0.8997,0.1005
rain,2,422.0,0.6903,0.6646,0.2132
rain,3,422.0,0.2192,0.2025,0.1952
