image_id,relative_path,split,condition,laplacian_variance,mean_brightness,brightness_std,contrast,entropy,saturation_ratio,dark_pixel_ratio,noise_estimate,edge_density,gradient_magnitude,color_statistics
train/GP020400/GP020400_frame_000159_rgb_anon,train/GP020400/GP020400_frame_000159_rgb_anon.png,train,rain,1223.410056,98.221817,82.319771,0.905882,7.05618,0.113568,0.044818,1.694781,0.053307,44.858074,8.442998
train/GP020400/GP020400_frame_000169_rgb_anon,train/GP020400/GP020400_frame_000169_rgb_anon.png,train,rain,620.492461,101.787636,89.033264,0.941176,7.072898,0.152322,0.129874,1.092719,0.029323,30.223759,8.501152
train/GP020400/GP020400_frame_000176_rgb_anon,train/GP020400/GP020400_frame_000176_rgb_anon.png,train,rain,760.149457,101.611694,86.140594,0.890196,7.128073,0.075187,0.057283,1.265739,0.053138,40.712196,9.525758
train/GP020400/GP020400_frame_000183_rgb_anon,train/GP020400/GP020400_frame_000183_rgb_anon.png,train,rain,860.007239,77.819046,75.789062,0.945098,7.046452,0.087522,0.170916,1.260869,0.047036,37.155376,7.985798
train/GP020400/GP020400_frame_000188_rgb_anon,train/GP020400/GP020400_frame_000188_rgb_anon.png,train,rain,1495.852808,73.513519,65.630203,0.921569,7.25184,0.055994,0.162999,2.005894,0.074918,59.745991,10.881939
train/GP020400/GP020400_frame_000193_rgb_anon,train/GP020400/GP020400_frame_000193_rgb_anon.png,train,rain,817.561331,115.965843,83.367531,0.909804,7.416959,0.143147,0.070056,1.3738,0.054575,40.994423,9.149742
train/GP020400/GP020400_frame_000198_rgb_anon,train/GP020400/GP020400_frame_000198_rgb_anon.png,train,rain,675.263926,81.170921,57.548981,0.843137,7.352959,0.038407,0.053416,1.897426,0.061003,43.737545,9.56974
train/GP020400/GP020400_frame_000203_rgb_anon,train/GP020400/GP020400_frame_000203_rgb_anon.png,train,rain,333.932525,97.500328,67.109619,0.886275,7.254631,0.097457,0.026528,1.140324,0.035156,29.396408,9.4995
train/GP020400/GP020400_frame_000209_rgb_anon,train/GP020400/GP020400_frame_000209_rgb_anon.png,train,rain,844.775304,107.665619,73.997803,0.905882,7.378268,0.139761,0.039323,1.74547,0.076918,47.427967,13.335283
train/GP020400/GP020400_frame_000215_rgb_anon,train/GP020400/GP020400_frame_000215_rgb_anon.png,train,rain,595.091944,114.799339,79.122314,0.866667,7.503299,0.028776,0.049783,1.192617,0.049987,35.002258,14.133374
train/GP020400/GP020400_frame_000221_rgb_anon,train/GP020400/GP020400_frame_000221_rgb_anon.png,train,rain,990.05111,122.301216,79.717896,0.803922,7.251191,0.001072,0.024957,1.024532,0.052982,42.125179,7.4275
train/GP020400/GP020400_frame_000233_rgb_anon,train/GP020400/GP020400_frame_000233_rgb_anon.png,train,rain,379.533637,113.459465,66.626648,0.752941,7.224559,0.0,0.009531,0.967476,0.034609,30.066097,6.22911
train/GP020400/GP020400_frame_000239_rgb_anon,train/GP020400/GP020400_frame_000239_rgb_anon.png,train,rain,1042.078076,92.712685,77.817909,0.87451,7.212757,0.018442,0.07747,1.403811,0.064214,47.399849,7.148208
train/GP020400/GP020400_frame_000259_rgb_anon,train/GP020400/GP020400_frame_000259_rgb_anon.png,train,rain,934.729066,95.154411,66.852493,0.87451,6.949125,0.095221,0.002591,2.162847,0.072122,52.086273,19.274645
train/GP020400/GP020400_frame_000299_rgb_anon,train/GP020400/GP020400_frame_000299_rgb_anon.png,train,rain,576.923479,90.405571,90.986153,0.984314,6.815545,0.169748,0.288516,0.894094,0.044701,32.905556,7.124753
train/GP020400/GP020400_frame_000305_rgb_anon,train/GP020400/GP020400_frame_000305_rgb_anon.png,train,rain,692.030333,93.470154,81.158768,0.945098,7.067988,0.154627,0.144714,1.250355,0.05941,40.230335,9.00904
train/GP020400/GP020400_frame_000325_rgb_anon,train/GP020400/GP020400_frame_000325_rgb_anon.png,train,rain,716.338373,71.622551,64.446877,0.92549,7.169922,0.054605,0.207925,1.791128,0.062986,43.22533,14.451029
train/GP020400/GP020400_frame_000345_rgb_anon,train/GP020400/GP020400_frame_000345_rgb_anon.png,train,rain,944.110077,94.886948,73.945663,0.933333,6.97789,0.125534,0.110174,2.049589,0.078333,48.648891,17.575357
train/GP020400/GP020400_frame_000365_rgb_anon,train/GP020400/GP020400_frame_000365_rgb_anon.png,train,rain,784.083079,139.47908,80.785103,0.803922,6.615905,0.294032,0.001272,1.416873,0.059523,42.941994,11.319538
train/GP020400/GP020400_frame_000374_rgb_anon,train/GP020400/GP020400_frame_000374_rgb_anon.png,train,rain,702.11791,123.113548,76.682739,0.796078,7.253972,0.002552,0.003893,1.237144,0.052231,38.614437,11.934213
train/GP020400/GP020400_frame_000388_rgb_anon,train/GP020400/GP020400_frame_000388_rgb_anon.png,train,rain,402.254847,98.171249,74.332253,0.847059,7.570551,0.001671,0.094297,1.151806,0.038607,33.203064,8.233558
train/GP020400/GP020400_frame_000394_rgb_anon,train/GP020400/GP020400_frame_000394_rgb_anon.png,train,rain,595.567703,98.063179,68.146652,0.839216,7.539842,0.006714,0.06707,1.438407,0.065165,42.77523,7.874153
train/GP020400/GP020400_frame_000400_rgb_anon,train/GP020400/GP020400_frame_000400_rgb_anon.png,train,rain,587.384113,95.113091,70.227173,0.858824,7.454934,0.008872,0.072036,1.447632,0.066927,43.014397,7.076838
train/GP020400/GP020400_frame_000406_rgb_anon,train/GP020400/GP020400_frame_000406_rgb_anon.png,train,rain,461.087127,120.001427,77.276657,0.8,7.351584,0.002405,0.013403,1.017218,0.045182,33.608883,12.119473
train/GP020400/GP020400_frame_000412_rgb_anon,train/GP020400/GP020400_frame_000412_rgb_anon.png,train,rain,528.044297,98.764343,74.025467,0.819608,7.251459,0.000477,0.062817,1.153853,0.048103,34.033848,8.397691
train/GP020400/GP020400_frame_000418_rgb_anon,train/GP020400/GP020400_frame_000418_rgb_anon.png,train,rain,509.617613,122.017082,74.105247,0.8,7.369384,0.000122,0.020004,1.317907,0.054848,40.295734,19.801992
train/GP020400/GP020400_frame_000424_rgb_anon,train/GP020400/GP020400_frame_000424_rgb_anon.png,train,rain,471.836417,106.580399,75.797981,0.807843,7.223149,0.000655,0.027218,1.276213,0.037105,33.588623,10.936352
train/GP020400/GP020400_frame_000429_rgb_anon,train/GP020400/GP020400_frame_000429_rgb_anon.png,train,rain,1311.742395,89.885208,81.37381,0.937255,7.247631,0.097595,0.167005,1.54308,0.062956,47.917625,10.831946
train/GP020400/GP020400_frame_000434_rgb_anon,train/GP020400/GP020400_frame_000434_rgb_anon.png,train,rain,814.972087,106.940002,83.267227,0.862745,7.097783,0.012982,0.04214,1.407459,0.050508,39.027817,9.537703
train/GP020400/GP020400_frame_000440_rgb_anon,train/GP020400/GP020400_frame_000440_rgb_anon.png,train,rain,662.150923,71.956154,67.619644,0.92549,7.028443,0.076879,0.141723,1.585741,0.040109,37.822887,9.066263
train/GP020400/GP020400_frame_000453_rgb_anon,train/GP020400/GP020400_frame_000453_rgb_anon.png,train,rain,1957.941275,74.719582,72.202843,0.886275,7.003325,0.044123,0.116723,2.056337,0.074644,55.278759,9.714371
train/GP020400/GP020400_frame_000460_rgb_anon,train/GP020400/GP020400_frame_000460_rgb_anon.png,train,rain,1195.931215,103.006065,82.465454,0.866667,6.777309,0.192205,0.010625,1.824641,0.046519,47.745045,10.665419
train/GP020400/GP020400_frame_000467_rgb_anon,train/GP020400/GP020400_frame_000467_rgb_anon.png,train,rain,1949.806114,99.517532,82.799034,0.890196,7.249993,0.093056,0.06375,1.664851,0.073802,55.932209,7.712665
train/GP020400/GP020400_frame_000474_rgb_anon,train/GP020400/GP020400_frame_000474_rgb_anon.png,train,rain,974.960643,101.9496,84.508781,0.890196,7.155671,0.056593,0.068798,1.21082,0.049566,38.580959,13.285846
train/GP020400/GP020400_frame_000480_rgb_anon,train/GP020400/GP020400_frame_000480_rgb_anon.png,train,rain,2338.548543,70.948822,68.594528,0.886275,7.151635,0.027543,0.163997,1.981087,0.07799,60.249084,8.706872
train/GP020400/GP020400_frame_000491_rgb_anon,train/GP020400/GP020400_frame_000491_rgb_anon.png,train,rain,436.562632,115.540375,83.099892,0.847059,7.105667,0.066654,0.021732,1.050193,0.037986,30.734455,15.234469
train/GP020400/GP020400_frame_000496_rgb_anon,train/GP020400/GP020400_frame_000496_rgb_anon.png,train,rain,1434.011727,90.260765,77.638016,0.862745,7.057844,0.007378,0.052617,1.563304,0.060955,48.914185,9.539529
train/GP020400/GP020400_frame_000501_rgb_anon,train/GP020400/GP020400_frame_000501_rgb_anon.png,train,rain,1201.13593,62.847748,63.021049,0.909804,6.882059,0.04691,0.148529,1.516277,0.050838,45.355007,11.304705
train/GP020400/GP020400_frame_000507_rgb_anon,train/GP020400/GP020400_frame_000507_rgb_anon.png,train,rain,548.788294,114.575157,87.981789,0.862745,7.051196,0.030187,0.035929,1.102324,0.035408,33.0373,9.373493
train/GP020400/GP020400_frame_000515_rgb_anon,train/GP020400/GP020400_frame_000515_rgb_anon.png,train,rain,846.987333,116.101357,79.81868,0.815686,7.255391,0.0,0.035113,1.219671,0.03776,34.990314,10.532101
train/GP020400/GP020400_frame_000522_rgb_anon,train/GP020400/GP020400_frame_000522_rgb_anon.png,train,rain,636.240087,109.43264,77.644653,0.823529,7.281586,0.000299,0.051528,1.337015,0.050569,38.509571,10.547727
train/GP020400/GP020400_frame_000529_rgb_anon,train/GP020400/GP020400_frame_000529_rgb_anon.png,train,rain,937.255653,86.714066,77.655403,0.882353,7.207575,0.049275,0.100616,1.400324,0.052322,41.836246,9.657467
train/GP020400/GP020400_frame_000536_rgb_anon,train/GP020400/GP020400_frame_000536_rgb_anon.png,train,rain,891.261228,116.043388,78.72715,0.792157,7.212441,4.8e-05,0.01115,1.086935,0.04513,35.893497,10.881622
train/GP020400/GP020400_frame_000544_rgb_anon,train/GP020400/GP020400_frame_000544_rgb_anon.png,train,rain,393.179458,100.836304,72.557739,0.819608,7.31322,0.0,0.082322,1.168473,0.034596,30.585342,14.00145
train/GP020400/GP020400_frame_000551_rgb_anon,train/GP020400/GP020400_frame_000551_rgb_anon.png,train,rain,1946.68049,52.811386,55.362194,0.65098,6.904336,0.027118,0.298277,2.114689,0.073533,61.757542,10.898411
train/GP020400/GP020400_frame_000557_rgb_anon,train/GP020400/GP020400_frame_000557_rgb_anon.png,train,rain,705.049822,93.555557,75.22625,0.87451,7.177516,0.05885,0.04151,1.379363,0.049002,38.352211,15.39856
train/GP020400/GP020400_frame_000570_rgb_anon,train/GP020400/GP020400_frame_000570_rgb_anon.png,train,rain,854.069729,113.93222,75.940735,0.815686,7.283078,0.000898,0.019688,1.30978,0.046762,38.953934,9.990348
train/GP020400/GP020400_frame_000577_rgb_anon,train/GP020400/GP020400_frame_000577_rgb_anon.png,train,rain,323.197148,117.720139,73.907135,0.772549,7.222375,0.0,0.016567,1.009201,0.033576,29.433044,8.73082
train/GP020400/GP020400_frame_000583_rgb_anon,train/GP020400/GP020400_frame_000583_rgb_anon.png,train,rain,503.216153,79.602638,77.706268,0.854902,6.939582,0.00326,0.153125,1.07271,0.024661,26.553846,7.499073
train/GP020400/GP020400_frame_000589_rgb_anon,train/GP020400/GP020400_frame_000589_rgb_anon.png,train,rain,452.724806,101.809662,74.844475,0.788235,7.187651,0.0,0.034627,1.219324,0.038464,33.866955,10.100285
train/GP020400/GP020400_frame_000595_rgb_anon,train/GP020400/GP020400_frame_000595_rgb_anon.png,train,rain,546.249725,106.074257,81.642479,0.819608,7.103343,0.000109,0.070868,1.056318,0.035117,31.153351,8.485113
train/GP020400/GP020400_frame_000601_rgb_anon,train/GP020400/GP020400_frame_000601_rgb_anon.png,train,rain,477.335169,130.762436,71.834358,0.721569,7.05583,0.0,0.007539,0.908103,0.036528,29.821671,9.877061
train/GP020400/GP020400_frame_000607_rgb_anon,train/GP020400/GP020400_frame_000607_rgb_anon.png,train,rain,499.326623,118.603012,67.730827,0.729412,7.296522,0.0,0.011189,1.161969,0.04549,34.746384,8.984041
train/GP020400/GP020400_frame_000613_rgb_anon,train/GP020400/GP020400_frame_000613_rgb_anon.png,train,rain,517.887387,120.105225,69.799767,0.752941,7.319391,0.0,0.008016,1.17035,0.051567,36.134521,8.406821
train/GP020400/GP020400_frame_000619_rgb_anon,train/GP020400/GP020400_frame_000619_rgb_anon.png,train,rain,533.536775,123.575302,72.791519,0.745098,7.176549,1.3e-05,0.005699,0.967682,0.045751,32.979519,14.163432
train/GP020400/GP020400_frame_000625_rgb_anon,train/GP020400/GP020400_frame_000625_rgb_anon.png,train,rain,642.560905,106.656822,76.11879,0.796078,7.186265,4e-06,0.037643,1.530922,0.05161,40.208099,14.416901
train/GP020400/GP020400_frame_000631_rgb_anon,train/GP020400/GP020400_frame_000631_rgb_anon.png,train,rain,826.405164,105.68026,76.722588,0.839216,7.385899,0.000417,0.07559,1.374302,0.045152,37.078056,11.217421
train/GP020400/GP020400_frame_000640_rgb_anon,train/GP020400/GP020400_frame_000640_rgb_anon.png,train,rain,715.856072,122.212967,70.193459,0.72549,7.195064,0.000126,0.010065,1.261294,0.044987,35.506916,12.333009
train/GP020400/GP020400_frame_000656_rgb_anon,train/GP020400/GP020400_frame_000656_rgb_anon.png,train,rain,452.236718,111.734024,74.261688,0.819608,7.487109,0.0,0.096884,1.028478,0.032413,31.154812,8.993842
train/GP020400/GP020400_frame_000661_rgb_anon,train/GP020400/GP020400_frame_000661_rgb_anon.png,train,rain,340.414959,124.341507,67.072632,0.713725,7.275896,2.6e-05,0.005855,0.943329,0.035755,29.272425,8.827151
train/GP020400/GP020400_frame_000666_rgb_anon,train/GP020400/GP020400_frame_000666_rgb_anon.png,train,rain,774.310406,105.231483,68.528603,0.764706,7.232065,0.000286,0.01536,1.220771,0.055273,38.556473,6.459446
train/GP020400/GP020400_frame_000671_rgb_anon,train/GP020400/GP020400_frame_000671_rgb_anon.png,train,rain,743.464355,95.95433,79.149742,0.87451,7.186749,0.001997,0.083793,1.219354,0.047188,36.714581,8.523979
train/GP020400/GP020400_frame_000676_rgb_anon,train/GP020400/GP020400_frame_000676_rgb_anon.png,train,rain,537.801209,100.317451,81.93541,0.866667,7.134597,0.019887,0.0776,1.210653,0.037357,33.708183,10.720364
train/GP020400/GP020400_frame_000682_rgb_anon,train/GP020400/GP020400_frame_000682_rgb_anon.png,train,rain,552.551322,121.773796,71.489944,0.760784,7.28139,0.000569,0.012409,1.035712,0.046936,36.303204,21.94092
train/GP020400/GP020400_frame_000687_rgb_anon,train/GP020400/GP020400_frame_000687_rgb_anon.png,train,rain,444.173671,118.940361,77.859512,0.807843,7.278237,0.000152,0.052995,0.959677,0.034583,28.486109,7.846695
train/GP020400/GP020400_frame_000692_rgb_anon,train/GP020400/GP020400_frame_000692_rgb_anon.png,train,rain,407.131609,119.717087,73.559944,0.811765,7.420116,0.0,0.056931,0.98757,0.03411,30.885916,7.700518
train/GP020400/GP020400_frame_000697_rgb_anon,train/GP020400/GP020400_frame_000697_rgb_anon.png,train,rain,1241.504744,113.82383,69.021225,0.72549,7.291903,0.0,0.010525,1.31854,0.067465,46.542393,9.69602
train/GP020400/GP020400_frame_000702_rgb_anon,train/GP020400/GP020400_frame_000702_rgb_anon.png,train,rain,304.224652,115.626015,67.657814,0.737255,7.445737,0.0,0.040139,1.062313,0.023051,28.368616,9.977441
train/GP020400/GP020400_frame_000706_rgb_anon,train/GP020400/GP020400_frame_000706_rgb_anon.png,train,rain,440.866133,116.902222,71.621758,0.729412,7.109784,4e-06,0.006046,1.00732,0.036905,29.926991,8.650457
train/GP020400/GP020400_frame_000710_rgb_anon,train/GP020400/GP020400_frame_000710_rgb_anon.png,train,rain,555.9718,118.069412,73.494827,0.768627,7.247506,0.000152,0.020673,1.071051,0.036489,31.955309,10.105674
train/GP020400/GP020400_frame_000714_rgb_anon,train/GP020400/GP020400_frame_000714_rgb_anon.png,train,rain,738.152969,90.156631,77.531662,0.823529,7.149359,4e-06,0.113841,1.254563,0.041905,37.622787,6.998785
train/GP020400/GP020400_frame_000719_rgb_anon,train/GP020400/GP020400_frame_000719_rgb_anon.png,train,rain,713.191002,105.263664,79.492546,0.839216,7.303737,0.004067,0.050894,1.053524,0.034492,32.335266,7.398612
train/GP020400/GP020400_frame_000728_rgb_anon,train/GP020400/GP020400_frame_000728_rgb_anon.png,train,rain,806.81356,116.71463,77.439491,0.807843,7.335379,0.000113,0.05378,1.465248,0.053177,39.64381,10.511749
train/GP020400/GP020400_frame_000748_rgb_anon,train/GP020400/GP020400_frame_000748_rgb_anon.png,train,rain,695.627552,127.661613,73.779694,0.741176,7.114059,0.000243,0.025304,1.177284,0.060751,40.246941,14.925388
train/GP020400/GP020400_frame_000788_rgb_anon,train/GP020400/GP020400_frame_000788_rgb_anon.png,train,rain,371.450485,110.918907,75.024696,0.831373,7.589909,0.0,0.096016,1.116161,0.04217,30.367514,10.15897
train/GP020400/GP020400_frame_000794_rgb_anon,train/GP020400/GP020400_frame_000794_rgb_anon.png,train,rain,329.695152,117.882256,72.317429,0.780392,7.33074,0.000182,0.011241,1.077179,0.032921,29.323019,7.90447
train/GP020400/GP020400_frame_000799_rgb_anon,train/GP020400/GP020400_frame_000799_rgb_anon.png,train,rain,878.222822,115.145149,78.361877,0.858824,7.511241,4.3e-05,0.079154,1.167729,0.059605,37.634224,14.437253
train/GP020400/GP020400_frame_000804_rgb_anon,train/GP020400/GP020400_frame_000804_rgb_anon.png,train,rain,502.998155,117.832619,75.350571,0.8,7.43947,4e-06,0.036636,1.157201,0.035512,31.660801,7.852328
train/GP020400/GP020400_frame_000809_rgb_anon,train/GP020400/GP020400_frame_000809_rgb_anon.png,train,rain,417.196131,122.501183,68.590881,0.756863,7.406067,0.000282,0.013585,1.194613,0.042131,34.275928,13.28228
train/GP020400/GP020400_frame_000814_rgb_anon,train/GP020400/GP020400_frame_000814_rgb_anon.png,train,rain,745.700802,107.42646,75.431091,0.8,7.367532,4e-06,0.038924,1.357791,0.040742,36.603127,11.53531
train/GP020400/GP020400_frame_000824_rgb_anon,train/GP020400/GP020400_frame_000824_rgb_anon.png,train,rain,438.809356,116.083382,72.381943,0.788235,7.394636,0.0,0.022556,1.112979,0.041619,33.005474,11.535798
train/GP020400/GP020400_frame_000829_rgb_anon,train/GP020400/GP020400_frame_000829_rgb_anon.png,train,rain,577.368457,135.136261,70.817207,0.737255,7.308084,0.0,0.003464,1.113703,0.04053,31.641857,7.714571
train/GP020400/GP020400_frame_000834_rgb_anon,train/GP020400/GP020400_frame_000834_rgb_anon.png,train,rain,811.455754,108.231956,67.51226,0.784314,7.261656,1.3e-05,0.007109,1.655432,0.060725,43.047638,8.83077
train/GP020400/GP020400_frame_000839_rgb_anon,train/GP020400/GP020400_frame_000839_rgb_anon.png,train,rain,1123.296888,100.715538,77.972038,0.862745,7.253408,0.054019,0.031866,1.725228,0.053867,45.062462,7.552101
train/GP020400/GP020400_frame_000850_rgb_anon,train/GP020400/GP020400_frame_000850_rgb_anon.png,train,rain,2048.436806,78.749962,76.049583,0.909804,7.116379,0.027587,0.157305,1.608042,0.070938,53.473251,10.035354
train/GP020400/GP020400_frame_000857_rgb_anon,train/GP020400/GP020400_frame_000857_rgb_anon.png,train,rain,544.555017,94.340973,69.041939,0.827451,7.266806,0.018021,0.021623,1.197698,0.056437,37.413433,13.330722
train/GP020400/GP020400_frame_000863_rgb_anon,train/GP020400/GP020400_frame_000863_rgb_anon.png,train,rain,405.750615,109.903961,74.619896,0.803922,7.088458,0.018286,0.004249,1.122175,0.036133,29.761147,10.440999
train/GP020400/GP020400_frame_000869_rgb_anon,train/GP020400/GP020400_frame_000869_rgb_anon.png,train,rain,1102.542277,121.523788,78.613121,0.831373,7.244433,0.098129,0.000582,1.755506,0.071319,48.417667,14.125361
train/GP020400/GP020400_frame_000897_rgb_anon,train/GP020400/GP020400_frame_000897_rgb_anon.png,train,rain,1134.211921,103.128716,70.904503,0.835294,7.383107,0.030629,0.011571,2.064144,0.091337,56.53318,16.150412
train/GP020400/GP020400_frame_000917_rgb_anon,train/GP020400/GP020400_frame_000917_rgb_anon.png,train,rain,838.375274,107.304207,71.442558,0.85098,7.466233,0.075846,0.017691,2.038434,0.088043,54.979362,17.947308
train/GP020400/GP020400_frame_000937_rgb_anon,train/GP020400/GP020400_frame_000937_rgb_anon.png,train,rain,891.432744,114.781548,72.432037,0.8,7.312327,0.017374,0.010326,1.281744,0.062261,44.449421,9.162821
train/GP020400/GP020400_frame_000945_rgb_anon,train/GP020400/GP020400_frame_000945_rgb_anon.png,train,rain,1204.508087,100.828804,76.534142,0.831373,7.22695,2.6e-05,0.033824,1.663689,0.066124,46.227905,13.185496
train/GP020400/GP020400_frame_000953_rgb_anon,train/GP020400/GP020400_frame_000953_rgb_anon.png,train,rain,243.593285,104.360672,81.019119,0.862745,7.443851,0.0,0.154197,0.857897,0.018789,22.609081,7.791836
train/GP020400/GP020400_frame_000972_rgb_anon,train/GP020400/GP020400_frame_000972_rgb_anon.png,train,rain,518.731725,126.666138,73.270897,0.760784,7.190328,0.0,0.014674,1.115117,0.046914,34.165298,13.396093
train/GP020400/GP020400_frame_000978_rgb_anon,train/GP020400/GP020400_frame_000978_rgb_anon.png,train,rain,666.342528,97.592033,76.895691,0.839216,7.287374,0.0,0.050104,1.671463,0.043086,37.781857,10.230618
train/GP020400/GP020400_frame_000991_rgb_anon,train/GP020400/GP020400_frame_000991_rgb_anon.png,train,rain,448.477821,134.897568,68.273941,0.694118,6.982701,0.0,0.000595,0.85188,0.032817,27.043673,7.484703
train/GP020400/GP020400_frame_000998_rgb_anon,train/GP020400/GP020400_frame_000998_rgb_anon.png,train,rain,1113.53549,117.000557,74.737114,0.780392,7.259461,9e-06,0.004978,1.218639,0.058168,41.585415,9.39306
train/GP020400/GP020400_frame_001004_rgb_anon,train/GP020400/GP020400_frame_001004_rgb_anon.png,train,rain,647.580415,144.590378,65.877556,0.709804,7.293514,0.000109,0.002539,0.796839,0.04115,32.331646,8.690786
train/GP020400/GP020400_frame_001026_rgb_anon,train/GP020400/GP020400_frame_001026_rgb_anon.png,train,rain,372.802457,130.904083,78.936974,0.792157,7.200737,0.0,0.017326,0.73884,0.030924,25.748405,12.5489
train/GP020400/GP020400_frame_001038_rgb_anon,train/GP020400/GP020400_frame_001038_rgb_anon.png,train,rain,175.198248,132.789337,67.845062,0.670588,6.99555,0.0,0.0,0.667349,0.017018,17.488167,8.195526
train/GP020400/GP020400_frame_001042_rgb_anon,train/GP020400/GP020400_frame_001042_rgb_anon.png,train,rain,304.531419,109.749237,71.131859,0.729412,6.830502,4e-06,0.0,0.845294,0.020061,23.43693,8.617831
train/GP020400/GP020400_frame_001050_rgb_anon,train/GP020400/GP020400_frame_001050_rgb_anon.png,train,rain,334.721991,134.707184,67.801323,0.690196,7.201851,1.7e-05,6.1e-05,0.732924,0.030885,23.611347,8.684796
train/GP020400/GP020400_frame_001058_rgb_anon,train/GP020400/GP020400_frame_001058_rgb_anon.png,train,rain,610.79244,115.18248,71.723068,0.729412,7.172409,0.0,0.000391,0.935431,0.037053,28.980835,10.255927
