variant,laplacian_variance,mean_brightness,brightness_std,contrast,entropy,saturation_ratio,dark_pixel_ratio,noise_estimate,edge_density,gradient_magnitude,color_statistics
rain_1,-1.87,0.1,-0.14,-0.14,-0.02,-4.17,-4.67,-1.31,-0.33,-0.3,-0.13
rain_2,-2.51,0.22,-0.3,-0.29,-0.04,-4.24,-5.5,-1.93,-0.11,-0.27,-0.29
rain_3,-1.23,0.39,-0.52,-0.49,-0.05,-4.24,-5.5,-1.46,0.84,0.3,-0.56
blur_1,-3.77,0.0,-0.03,-0.02,-0.0,-0.12,-0.29,-2.29,-1.06,-0.62,-0.01
blur_2,-6.73,0.0,-0.04,-0.04,-0.01,-0.2,-0.52,-2.75,-3.09,-1.24,-0.03
blur_3,-8.29,0.0,-0.06,-0.05,-0.01,-0.31,-0.77,-2.9,-5.7,-1.8,-0.05
blur_4,-8.78,0.0,-0.09,-0.07,-0.01,-0.43,-1.1,-3.01,-6.19,-2.33,-0.09
noise_1,1.23,-0.01,0.0,0.0,0.02,-0.39,0.14,2.1,0.11,0.41,0.46
noise_2,3.16,-0.01,0.01,0.02,0.05,-0.5,0.44,3.3,1.41,1.0,1.3
noise_3,4.57,0.0,0.01,0.05,0.07,-0.38,0.73,4.05,2.23,1.52,1.96
dark_1,-3.0,-1.8,-1.45,-1.47,-0.35,-4.24,3.39,-1.4,-2.15,-1.57,-1.44
dark_2,-5.4,-3.28,-2.63,-2.68,-0.73,-4.24,4.1,-2.51,-6.11,-2.88,-2.59
overexposure_1,1.05,0.72,0.01,-0.14,-0.24,3.98,-5.5,0.56,0.34,0.4,0.31
overexposure_2,0.72,1.06,-0.49,-0.59,-0.75,4.98,-5.5,0.34,-0.0,-0.03,0.25
